[{"Id":"6847","Name":"nuoc ngot","Label":"ĐỒ GIA DỤNG","Manufacture":"coco","Qty":0,"Price":17000,"Exp":"19-05-2022","Mfg":"05-05-2022"},{"Id":"3500","Name":"Choi lau nha","Label":"GIA DUNG","Manufacture":"Choi Viet","Qty":0,"Price":40000,"Exp":"31-05-2022","Mfg":"03-05-2022"},{"Id":"0426","Name":"nước mắm nhỉ","Label":"GIA DUNG","Manufacture":"ba co gai","Qty":123,"Price":60000,"Exp":"11-05-2022","Mfg":"26-04-2022"},{"Id":"9544","Name":"May Lanh","Label":"ĐIỆN GIA DỤNG","Manufacture":"Dezel","Qty":13,"Price":14400000,"Exp":"28-12-2024","Mfg":"31-05-2022"},{"Id":"6576","Name":"Tao Xanh","Label":"ĐIỆN GIA DỤNG","Manufacture":"Frust Viet","Qty":10000,"Price":900000,"Exp":"26-05-2022","Mfg":"06-05-2022"}]